[
{
    "model": "users.myuser",
    "fields": {
        "password": "pbkdf2_sha256$320000$lgNfT81PyDOQfg5oh17Ugq$DUeq5LsEXhZJTJWvP+BaUSLZJkmZBE4w+HY03r3b040=",
        "last_login": "2022-02-28T04:42:50.179Z",
        "is_superuser": true,
        "username": "adhin",
        "first_name": "",
        "last_name": "",
        "email": "adhinabraham@gmail.com",
        "is_staff": true,
        "is_active": true,
        "date_joined": "2022-02-21T04:05:51.493Z",
        "mobile_number": "",
        "birth_date": null,
        "groups": [],
        "user_permissions": []
    }
},
{
    "model": "users.myuser",
    "fields": {
        "password": "\"pbkdf2_sha256$320000$jlobyiTRhmfNLTa89g8cFg$NQpB4thNmdlNWZwYsiK8WF4CtFFkCx0sguJX6f1z2Jg=\"",
        "last_login": null,
        "is_superuser": false,
        "username": "boby",
        "first_name": "",
        "last_name": "",
        "email": "boby@gmail.com",
        "is_staff": false,
        "is_active": false,
        "date_joined": "2022-02-21T10:46:09.041Z",
        "mobile_number": "1234567980",
        "birth_date": null,
        "groups": [],
        "user_permissions": []
    }
},
{
    "model": "users.myuser",
    "fields": {
        "password": "pbkdf2_sha256$320000$UFwjPFvOerRlQk942n7mp1$q+56wir7O9ZKzsjHhdEOBF3hyV4sNZNTf45PmjuBptM=",
        "last_login": null,
        "is_superuser": false,
        "username": "zyan",
        "first_name": "",
        "last_name": "",
        "email": "adhinabraham2000@gmail.com",
        "is_staff": false,
        "is_active": true,
        "date_joined": "2022-03-03T09:31:32.006Z",
        "mobile_number": "7012682523",
        "birth_date": null,
        "groups": [],
        "user_permissions": []
    }
},
{
    "model": "users.myuser",
    "fields": {
        "password": "pbkdf2_sha256$320000$zRomMI3Pf5sDLMoIyzsnAE$ZUePKW4NxwIDaI7KhlysKBV7llKj0rgHayIeyE2ZKm8=",
        "last_login": null,
        "is_superuser": false,
        "username": "aneeshamaam",
        "first_name": "",
        "last_name": "",
        "email": "adhinabraham2000@gmail.com",
        "is_staff": false,
        "is_active": true,
        "date_joined": "2022-04-13T13:28:07.083Z",
        "mobile_number": "7356923192",
        "birth_date": null,
        "groups": [],
        "user_permissions": []
    }
},
{
    "model": "newadmin.coupon",
    "pk": 6,
    "fields": {
        "min_rate": 2000,
        "coupon_code": "eastercoupon",
        "percentage": 5,
        "expiry_date": "2022-04-29",
        "description": "coupone genreation"
    }
},
{
    "model": "newadmin.user_coupon",
    "pk": 30,
    "fields": {
        "user_name": [
            "zyan"
        ],
        "cpn_code": 6,
        "status": "appled"
    }
},
{
    "model": "products.category",
    "pk": 1,
    "fields": {
        "category_name": "shirts",
        "slug": "mens",
        "description": "mens items",
        "offerstatus": false
    }
},
{
    "model": "products.category",
    "pk": 12,
    "fields": {
        "category_name": "jackets",
        "slug": "sport jacket",
        "description": "sports jacke for mens",
        "offerstatus": true
    }
},
{
    "model": "products.category",
    "pk": 14,
    "fields": {
        "category_name": "pants",
        "slug": "pants",
        "description": "mens pants",
        "offerstatus": false
    }
},
{
    "model": "products.subcategory",
    "pk": 1,
    "fields": {
        "sub_category_name": "Tshirt",
        "category_name": 1,
        "description": "Mens Tshirt",
        "slug": "Tshirt"
    }
},
{
    "model": "products.product",
    "pk": 27,
    "fields": {
        "productname": "addidas",
        "description": "Zip fly with button closure Belt loops 5-pocket styling Machine wash cold Mid Rise 100% Cotton Product Code: 460749067001 MRP : Rs. 2,999.00 inclusive of all taxes(MRP changes as per size selection) Marketed By : SHELL APPARELS PVT",
        "image": "pics/img1_gO0q0cx.jpg",
        "image1": "pics/img2_HpHJgWf.jpg",
        "image2": "pics/img3_3G3DKjG.jpg",
        "image3": "",
        "price": "600.00",
        "category_name": null,
        "price2": "600.00",
        "sub_catagory_name": null,
        "amount_in_stock": 0,
        "offer_name": "offerproduct",
        "offerstatus": false,
        "offerpercentage": "20.00"
    }
},
{
    "model": "products.product",
    "pk": 28,
    "fields": {
        "productname": "Addidas Tshirt",
        "description": "Slim Fit Package contains: 1 shirt Machine wash 100% Cotton Product Code: 469084055001",
        "image": "pics/img1_EEl8e2Z.jpg",
        "image1": "pics/img2_VrYp7l3.jpg",
        "image2": "pics/img3_b0gMZcX.jpg",
        "image3": "",
        "price": "912.00",
        "category_name": null,
        "price2": "960.00",
        "sub_catagory_name": null,
        "amount_in_stock": 0,
        "offer_name": "esateroffer",
        "offerstatus": false,
        "offerpercentage": "5.00"
    }
},
{
    "model": "products.product",
    "pk": 29,
    "fields": {
        "productname": "roadstart mens tshirt",
        "description": "Fit Type: Regular Fit Fit Type: Regular Fit Stylish Half sleeve Casual Printed Shirts & Party Wear Casual shirts Wash Care: Hand Wash Only Fabric Type: Rayon Cotton Pattern Name: Floral; Closure Type: Buttoned",
        "image": "pics/imag1.jpg",
        "image1": "pics/img2.webp",
        "image2": "pics/img3.webp",
        "image3": "",
        "price": "572.00",
        "category_name": null,
        "price2": "650.00",
        "sub_catagory_name": null,
        "amount_in_stock": 0,
        "offer_name": "adipowlioffer",
        "offerstatus": false,
        "offerpercentage": "12.00"
    }
},
{
    "model": "products.product",
    "pk": 33,
    "fields": {
        "productname": "nike sport tracksuit",
        "description": "Fit Type: Regular Fit Fit Type: Regular Fit Stylish Half sleeve Casual Printed Shirts & Party Wear Casual shirts Wash Care: Hand Wash Only Fabric Type: Rayon Cotton Pattern Name: Floral; Closure Type: Buttoned,good cloth wiht great comfort",
        "image": "pics/img1_WdADXCU.jpg",
        "image1": "pics/img2_1Tbal5e.jpg",
        "image2": "pics/img3_NBkezBR.jpg",
        "image3": "",
        "price": "999.00",
        "category_name": null,
        "price2": "999.00",
        "sub_catagory_name": null,
        "amount_in_stock": 0,
        "offer_name": "nike special offer",
        "offerstatus": false,
        "offerpercentage": "20.00"
    }
},
{
    "model": "products.product",
    "pk": 36,
    "fields": {
        "productname": "black shirt",
        "description": "Care Instructions: Machine Wash Fit Type: Slim Pattern: Solid Fabric: Cotton Collar: Mandarin Sleeve: Long Sleeve",
        "image": "pics/imag1_TLiW0aI.jpg",
        "image1": "pics/imag2.jpg",
        "image2": "pics/img3_Xbf9ucu.jpg",
        "image3": "",
        "price": "900.00",
        "category_name": null,
        "price2": "900.00",
        "sub_catagory_name": null,
        "amount_in_stock": 0,
        "offer_name": "",
        "offerstatus": false,
        "offerpercentage": "90.00"
    }
},
{
    "model": "products.product",
    "pk": 39,
    "fields": {
        "productname": "summerjacket",
        "description": "good jackets",
        "image": "pics/jackect1_RyxMMOF.jpg",
        "image1": "pics/jacket2_zjoxL82.jpg",
        "image2": "pics/jacket3_oDh29Fq.jpg",
        "image3": "",
        "price": "1600.00",
        "category_name": 12,
        "price2": "2000.00",
        "sub_catagory_name": null,
        "amount_in_stock": 0,
        "offer_name": "categoryoffer",
        "offerstatus": true,
        "offerpercentage": "20.00"
    }
},
{
    "model": "products.product",
    "pk": 40,
    "fields": {
        "productname": "winterjackt",
        "description": "winterjackets",
        "image": "pics/jackect1_5peQbzt.jpg",
        "image1": "pics/jacket2_U7layiW.jpg",
        "image2": "pics/jacket3_qCdVOU3.jpg",
        "image3": "",
        "price": "2400.00",
        "category_name": 12,
        "price2": "3000.00",
        "sub_catagory_name": null,
        "amount_in_stock": 0,
        "offer_name": "categoryoffer",
        "offerstatus": true,
        "offerpercentage": "20.00"
    }
},
{
    "model": "order.address",
    "pk": 1,
    "fields": {
        "user": null,
        "full_name": "zayan malik",
        "mobile": "7012682523",
        "pincode": "678596",
        "state": "kerala",
        "city": "kalladikode",
        "district": "palakkad",
        "address_line1": "puthenparambil",
        "date": "2022-03-16T08:32:46.707Z"
    }
},
{
    "model": "order.address",
    "pk": 2,
    "fields": {
        "user": [
            "zyan"
        ],
        "full_name": "zayan malik",
        "mobile": "07012682523",
        "pincode": "678596",
        "state": "kerala",
        "city": "Palakkad",
        "district": "ernakullam",
        "address_line1": "Puthen parambil",
        "date": "2022-03-16T09:03:36.634Z"
    }
},
{
    "model": "order.address",
    "pk": 3,
    "fields": {
        "user": [
            "zyan"
        ],
        "full_name": "afsal",
        "mobile": "8714314754",
        "pincode": "691005",
        "state": "kerala",
        "city": "kollam",
        "district": "kollam",
        "address_line1": "afzalHome",
        "date": "2022-03-16T15:44:13.188Z"
    }
},
{
    "model": "order.address",
    "pk": 4,
    "fields": {
        "user": [
            "zyan"
        ],
        "full_name": "finu",
        "mobile": "1234567899",
        "pincode": "123445",
        "state": "kerala",
        "city": "calicut",
        "district": "calicut",
        "address_line1": "finuhome",
        "date": "2022-03-16T15:48:02.439Z"
    }
},
{
    "model": "order.ordernumber",
    "pk": 133,
    "fields": {
        "order_no": "20220326133",
        "created_at": "2022-03-26T05:38:34.230Z"
    }
},
{
    "model": "order.ordernumber",
    "pk": 134,
    "fields": {
        "order_no": "20220326134",
        "created_at": "2022-03-26T05:45:41.869Z"
    }
},
{
    "model": "order.ordernumber",
    "pk": 135,
    "fields": {
        "order_no": "20220326135",
        "created_at": "2022-03-26T07:30:02.622Z"
    }
},
{
    "model": "order.ordernumber",
    "pk": 136,
    "fields": {
        "order_no": "20220326136",
        "created_at": "2022-03-26T07:30:02.803Z"
    }
},
{
    "model": "order.ordernumber",
    "pk": 137,
    "fields": {
        "order_no": "20220326137",
        "created_at": "2022-03-26T07:30:04.371Z"
    }
},
{
    "model": "order.ordernumber",
    "pk": 138,
    "fields": {
        "order_no": "20220328138",
        "created_at": "2022-03-28T10:27:19.030Z"
    }
},
{
    "model": "order.ordernumber",
    "pk": 139,
    "fields": {
        "order_no": "20220329139",
        "created_at": "2022-03-29T05:25:11.473Z"
    }
},
{
    "model": "order.ordernumber",
    "pk": 140,
    "fields": {
        "order_no": "20220329140",
        "created_at": "2022-03-29T06:44:31.508Z"
    }
},
{
    "model": "order.ordernumber",
    "pk": 141,
    "fields": {
        "order_no": "20220329141",
        "created_at": "2022-03-29T07:01:58.584Z"
    }
},
{
    "model": "order.ordernumber",
    "pk": 142,
    "fields": {
        "order_no": "20220329142",
        "created_at": "2022-03-29T09:12:52.828Z"
    }
},
{
    "model": "order.ordernumber",
    "pk": 143,
    "fields": {
        "order_no": "20220329143",
        "created_at": "2022-03-29T16:45:36.732Z"
    }
},
{
    "model": "order.ordernumber",
    "pk": 144,
    "fields": {
        "order_no": "20220329144",
        "created_at": "2022-03-29T16:45:38.615Z"
    }
},
{
    "model": "order.ordernumber",
    "pk": 145,
    "fields": {
        "order_no": "20220329145",
        "created_at": "2022-03-29T17:42:56.744Z"
    }
},
{
    "model": "order.ordernumber",
    "pk": 146,
    "fields": {
        "order_no": "20220329146",
        "created_at": "2022-03-29T17:43:03.605Z"
    }
},
{
    "model": "order.ordernumber",
    "pk": 147,
    "fields": {
        "order_no": "20220329147",
        "created_at": "2022-03-29T17:43:05.201Z"
    }
},
{
    "model": "order.ordernumber",
    "pk": 148,
    "fields": {
        "order_no": "20220329148",
        "created_at": "2022-03-29T18:20:18.680Z"
    }
},
{
    "model": "order.ordernumber",
    "pk": 149,
    "fields": {
        "order_no": "20220330149",
        "created_at": "2022-03-30T03:50:06.285Z"
    }
},
{
    "model": "order.ordernumber",
    "pk": 150,
    "fields": {
        "order_no": "20220331150",
        "created_at": "2022-03-31T09:08:11.052Z"
    }
},
{
    "model": "order.ordernumber",
    "pk": 151,
    "fields": {
        "order_no": "20220405151",
        "created_at": "2022-04-05T14:08:59.503Z"
    }
},
{
    "model": "order.ordernumber",
    "pk": 152,
    "fields": {
        "order_no": "20220405152",
        "created_at": "2022-04-05T14:25:12.138Z"
    }
},
{
    "model": "order.ordernumber",
    "pk": 153,
    "fields": {
        "order_no": "20220406153",
        "created_at": "2022-04-06T07:04:17.096Z"
    }
},
{
    "model": "order.ordernumber",
    "pk": 154,
    "fields": {
        "order_no": "20220409154",
        "created_at": "2022-04-09T04:40:32.555Z"
    }
},
{
    "model": "order.ordernumber",
    "pk": 155,
    "fields": {
        "order_no": "20220409155",
        "created_at": "2022-04-09T13:20:08.791Z"
    }
},
{
    "model": "order.ordernumber",
    "pk": 156,
    "fields": {
        "order_no": "20220409156",
        "created_at": "2022-04-09T13:20:13.883Z"
    }
},
{
    "model": "order.ordernumber",
    "pk": 157,
    "fields": {
        "order_no": "20220418157",
        "created_at": "2022-04-18T13:26:46.565Z"
    }
},
{
    "model": "order.ordernumber",
    "pk": 158,
    "fields": {
        "order_no": "20220418158",
        "created_at": "2022-04-18T16:58:21.084Z"
    }
},
{
    "model": "order.ordernumber",
    "pk": 159,
    "fields": {
        "order_no": "20220419159",
        "created_at": "2022-04-19T03:55:43.922Z"
    }
},
{
    "model": "order.ordernumber",
    "pk": 160,
    "fields": {
        "order_no": "20220419160",
        "created_at": "2022-04-19T03:55:50.136Z"
    }
},
{
    "model": "order.ordernumber",
    "pk": 161,
    "fields": {
        "order_no": "20220419161",
        "created_at": "2022-04-19T03:58:15.723Z"
    }
},
{
    "model": "order.ordernumber",
    "pk": 162,
    "fields": {
        "order_no": "20220419162",
        "created_at": "2022-04-19T04:00:52.932Z"
    }
},
{
    "model": "order.ordernumber",
    "pk": 163,
    "fields": {
        "order_no": "20220419163",
        "created_at": "2022-04-19T04:15:05.798Z"
    }
},
{
    "model": "order.ordernumber",
    "pk": 164,
    "fields": {
        "order_no": "20220419164",
        "created_at": "2022-04-19T04:17:48.222Z"
    }
},
{
    "model": "order.ordernumber",
    "pk": 165,
    "fields": {
        "order_no": "20220419165",
        "created_at": "2022-04-19T04:20:12.217Z"
    }
},
{
    "model": "order.ordernumber",
    "pk": 166,
    "fields": {
        "order_no": "20220419166",
        "created_at": "2022-04-19T04:22:08.415Z"
    }
},
{
    "model": "order.order",
    "pk": 74,
    "fields": {
        "username": [
            "zyan"
        ],
        "product": 27,
        "address": 1,
        "payment_method": "COD",
        "status": "Develiverd",
        "total": 2259,
        "product_stock": 1,
        "date": "2022-03-26T07:20:10.136Z",
        "order_number": 134
    }
},
{
    "model": "order.order",
    "pk": 75,
    "fields": {
        "username": [
            "zyan"
        ],
        "product": 28,
        "address": 1,
        "payment_method": "COD",
        "status": "shipped",
        "total": 2259,
        "product_stock": 1,
        "date": "2022-03-26T07:20:10.147Z",
        "order_number": 134
    }
},
{
    "model": "order.order",
    "pk": 76,
    "fields": {
        "username": [
            "zyan"
        ],
        "product": null,
        "address": 2,
        "payment_method": "COD",
        "status": "return",
        "total": 3860,
        "product_stock": 1,
        "date": "2022-03-26T07:30:08.232Z",
        "order_number": 137
    }
},
{
    "model": "order.order",
    "pk": 77,
    "fields": {
        "username": [
            "zyan"
        ],
        "product": 28,
        "address": 2,
        "payment_method": "COD",
        "status": "Develiverd",
        "total": 3860,
        "product_stock": 1,
        "date": "2022-03-26T07:30:08.239Z",
        "order_number": 137
    }
},
{
    "model": "order.order",
    "pk": 78,
    "fields": {
        "username": [
            "zyan"
        ],
        "product": 29,
        "address": 2,
        "payment_method": "COD",
        "status": "cancel",
        "total": 3860,
        "product_stock": 2,
        "date": "2022-03-26T07:30:08.243Z",
        "order_number": 137
    }
},
{
    "model": "order.order",
    "pk": 79,
    "fields": {
        "username": [
            "zyan"
        ],
        "product": 28,
        "address": 4,
        "payment_method": "Razorpay",
        "status": "Develiverd",
        "total": 2460,
        "product_stock": 2,
        "date": "2022-03-29T18:16:19.023Z",
        "order_number": 147
    }
},
{
    "model": "order.order",
    "pk": 80,
    "fields": {
        "username": [
            "zyan"
        ],
        "product": 28,
        "address": 4,
        "payment_method": "Razorpay",
        "status": "Develiverd",
        "total": 2460,
        "product_stock": 2,
        "date": "2022-03-29T18:20:45.964Z",
        "order_number": 148
    }
},
{
    "model": "order.order",
    "pk": 81,
    "fields": {
        "username": [
            "zyan"
        ],
        "product": 28,
        "address": 4,
        "payment_method": "Razorpay",
        "status": "return",
        "total": 3110,
        "product_stock": 2,
        "date": "2022-03-31T09:08:37.822Z",
        "order_number": 150
    }
},
{
    "model": "order.order",
    "pk": 82,
    "fields": {
        "username": [
            "zyan"
        ],
        "product": 29,
        "address": 4,
        "payment_method": "Razorpay",
        "status": "cancel",
        "total": 3110,
        "product_stock": 1,
        "date": "2022-03-31T09:08:37.831Z",
        "order_number": 150
    }
},
{
    "model": "order.order",
    "pk": 83,
    "fields": {
        "username": [
            "zyan"
        ],
        "product": 29,
        "address": 2,
        "payment_method": "Razorpay",
        "status": "order placed",
        "total": 1146,
        "product_stock": 2,
        "date": "2022-04-05T14:35:29.742Z",
        "order_number": 152
    }
},
{
    "model": "order.order",
    "pk": 84,
    "fields": {
        "username": [
            "zyan"
        ],
        "product": 33,
        "address": 2,
        "payment_method": "PayPal",
        "status": "order placed",
        "total": 0,
        "product_stock": 2,
        "date": "2022-04-06T07:04:44.029Z",
        "order_number": 153
    }
},
{
    "model": "order.order",
    "pk": 85,
    "fields": {
        "username": [
            "zyan"
        ],
        "product": null,
        "address": 3,
        "payment_method": "Razorpay",
        "status": "order placed",
        "total": 660,
        "product_stock": 1,
        "date": "2022-04-09T04:40:53.808Z",
        "order_number": 154
    }
},
{
    "model": "order.order",
    "pk": 86,
    "fields": {
        "username": [
            "zyan"
        ],
        "product": 27,
        "address": 3,
        "payment_method": "Razorpay",
        "status": "order placed",
        "total": 660,
        "product_stock": 1,
        "date": "2022-04-09T04:40:53.820Z",
        "order_number": 154
    }
},
{
    "model": "order.order",
    "pk": 87,
    "fields": {
        "username": [
            "zyan"
        ],
        "product": 27,
        "address": 3,
        "payment_method": "Razorpay",
        "status": "order placed",
        "total": 4050,
        "product_stock": 7,
        "date": "2022-04-09T13:20:36.712Z",
        "order_number": 156
    }
},
{
    "model": "order.order",
    "pk": 88,
    "fields": {
        "username": [
            "zyan"
        ],
        "product": 27,
        "address": 3,
        "payment_method": "Razorpay",
        "status": "order placed",
        "total": 6060,
        "product_stock": 1,
        "date": "2022-04-18T13:27:19.199Z",
        "order_number": 157
    }
},
{
    "model": "order.order",
    "pk": 89,
    "fields": {
        "username": [
            "zyan"
        ],
        "product": 36,
        "address": 3,
        "payment_method": "Razorpay",
        "status": "order placed",
        "total": 6060,
        "product_stock": 6,
        "date": "2022-04-18T13:27:19.207Z",
        "order_number": 157
    }
},
{
    "model": "order.order",
    "pk": 90,
    "fields": {
        "username": [
            "zyan"
        ],
        "product": 40,
        "address": 3,
        "payment_method": "PayPal",
        "status": "order placed",
        "total": 0,
        "product_stock": 3,
        "date": "2022-04-18T16:59:21.931Z",
        "order_number": 158
    }
},
{
    "model": "order.order",
    "pk": 91,
    "fields": {
        "username": [
            "zyan"
        ],
        "product": 29,
        "address": 2,
        "payment_method": "PayPal",
        "status": "order placed",
        "total": 0,
        "product_stock": 1,
        "date": "2022-04-19T03:56:24.185Z",
        "order_number": 160
    }
},
{
    "model": "order.order",
    "pk": 92,
    "fields": {
        "username": [
            "zyan"
        ],
        "product": 36,
        "address": 2,
        "payment_method": "PayPal",
        "status": "order placed",
        "total": 0,
        "product_stock": 1,
        "date": "2022-04-19T03:56:24.192Z",
        "order_number": 160
    }
},
{
    "model": "order.order",
    "pk": 93,
    "fields": {
        "username": [
            "zyan"
        ],
        "product": 27,
        "address": 2,
        "payment_method": "PayPal",
        "status": "order placed",
        "total": 0,
        "product_stock": 1,
        "date": "2022-04-19T03:56:24.199Z",
        "order_number": 160
    }
},
{
    "model": "order.order",
    "pk": 94,
    "fields": {
        "username": [
            "zyan"
        ],
        "product": 36,
        "address": 3,
        "payment_method": "Razorpay",
        "status": "order placed",
        "total": 3060,
        "product_stock": 1,
        "date": "2022-04-19T04:15:33.729Z",
        "order_number": 163
    }
},
{
    "model": "order.order",
    "pk": 95,
    "fields": {
        "username": [
            "zyan"
        ],
        "product": 40,
        "address": 3,
        "payment_method": "Razorpay",
        "status": "order placed",
        "total": 3060,
        "product_stock": 1,
        "date": "2022-04-19T04:15:33.743Z",
        "order_number": 163
    }
},
{
    "model": "order.order",
    "pk": 96,
    "fields": {
        "username": [
            "zyan"
        ],
        "product": 36,
        "address": 2,
        "payment_method": "Razorpay",
        "status": "order placed",
        "total": 1560,
        "product_stock": 1,
        "date": "2022-04-19T04:18:09.197Z",
        "order_number": 164
    }
},
{
    "model": "order.order",
    "pk": 97,
    "fields": {
        "username": [
            "zyan"
        ],
        "product": 27,
        "address": 2,
        "payment_method": "Razorpay",
        "status": "order placed",
        "total": 1560,
        "product_stock": 1,
        "date": "2022-04-19T04:18:09.211Z",
        "order_number": 164
    }
},
{
    "model": "order.order",
    "pk": 98,
    "fields": {
        "username": [
            "zyan"
        ],
        "product": 36,
        "address": 4,
        "payment_method": "COD",
        "status": "order placed",
        "total": 1560,
        "product_stock": 1,
        "date": "2022-04-19T04:20:13.684Z",
        "order_number": 165
    }
},
{
    "model": "order.order",
    "pk": 99,
    "fields": {
        "username": [
            "zyan"
        ],
        "product": 27,
        "address": 4,
        "payment_method": "COD",
        "status": "order placed",
        "total": 1560,
        "product_stock": 1,
        "date": "2022-04-19T04:20:13.692Z",
        "order_number": 165
    }
},
{
    "model": "order.order",
    "pk": 100,
    "fields": {
        "username": [
            "zyan"
        ],
        "product": 28,
        "address": 4,
        "payment_method": "PayPal",
        "status": "order placed",
        "total": 0,
        "product_stock": 1,
        "date": "2022-04-19T04:23:39.569Z",
        "order_number": 166
    }
},
{
    "model": "order.order",
    "pk": 101,
    "fields": {
        "username": [
            "zyan"
        ],
        "product": 33,
        "address": 4,
        "payment_method": "PayPal",
        "status": "order placed",
        "total": 0,
        "product_stock": 2,
        "date": "2022-04-19T04:23:39.575Z",
        "order_number": 166
    }
},
{
    "model": "cart.cart",
    "pk": 31,
    "fields": {
        "product_id": 27,
        "username": null,
        "product_stock": 1,
        "sub_total": 999,
        "guest_token": null,
        "date": "2022-03-20T05:48:31.945Z"
    }
},
{
    "model": "cart.cart",
    "pk": 32,
    "fields": {
        "product_id": 28,
        "username": null,
        "product_stock": 2,
        "sub_total": 1824,
        "guest_token": null,
        "date": "2022-03-20T05:48:34.102Z"
    }
},
{
    "model": "cart.cart",
    "pk": 33,
    "fields": {
        "product_id": 29,
        "username": null,
        "product_stock": 3,
        "sub_total": 1950,
        "guest_token": null,
        "date": "2022-03-20T05:48:35.782Z"
    }
},
{
    "model": "cart.cart",
    "pk": 35,
    "fields": {
        "product_id": 33,
        "username": null,
        "product_stock": 2,
        "sub_total": 1798,
        "guest_token": null,
        "date": "2022-03-20T05:48:40.845Z"
    }
},
{
    "model": "cart.cart",
    "pk": 102,
    "fields": {
        "product_id": 36,
        "username": [
            "zyan"
        ],
        "product_stock": 1,
        "sub_total": 900,
        "guest_token": null,
        "date": "2022-04-21T11:01:45.245Z"
    }
}
]
